id,group,email,first_name,age,signup_date
1,Yellow,igrenter0@tuttocitta.it,Izzy,48,2020-11-26
2,,lbarczynski1@51.la,Lowrance,38,2022-05-10
3,Yellow,mdmitrovic2@bbc.co.uk,Mia,45,2025-03-20
4,Green,astockbridge3@google.nl,Alethea,71,2023-04-29
5,Green,mpollins4@umn.edu,Mohandas,69,2021-03-28
6,Red,jizkovitch5@wp.com,Jules,46,2024-11-11
7,Blue,jkerrod6@oracle.com,Jenna,54,2021-11-08
8,Red,acabotto7@utexas.edu,Adriana,22,2021-02-01
9,Green,simpy8@wired.com,Shoshana,63,2021-04-07
10,Blue,nvaneschi9@amazon.com,Nevins,79,2025-06-09
11,Red,rcheasmana@4shared.com,Rolland,71,2022-05-18
12,Red,tiremongerb@disqus.com,Torry,78,2020-06-05
13,Red,acastellinoc@walmart.com,Andonis,23,2023-05-15
14,Blue,csoftleyd@unc.edu,Catherine,40,2024-01-29
15,Red,kfrohocke@exblog.jp,,58,2023-04-23
16,Green,gtannf@google.nl,Gerald,59,2022-05-05
17,Blue,upayg@opensource.org,Ursuline,59,2021-05-19
18,Green,wbrownjohnh@homestead.com,Wilone,33,2021-03-09
19,Red,mpesaki@cargocollective.com,Merridie,72,2021-05-24
20,Green,,Mordy,23,2024-07-11
21,Green,cmatussonk@printfriendly.com,Cart,63,2020-01-13
22,Yellow,ctesdalel@angelfire.com,Cecilla,73,2021-06-28
23,Green,gwhittenburym@scientificamerican.com,Galvan,56,2024-04-06
24,Red,,Kerry,29,2020-12-13
25,Red,jjeaffersono@phpbb.com,Jory,63,2022-03-20
26,Green,ajanneyp@vkontakte.ru,Adelina,27,2022-09-26
27,Red,,Kiersten,72,2022-07-22
28,Green,whairr@artisteer.com,Weber,73,2020-06-11
29,Yellow,mparcellss@shareasale.com,Merrily,58,2022-05-06
30,Yellow,bklimontovicht@ucoz.com,Brandise,72,2024-07-09
31,Yellow,abignoldu@exblog.jp,Anthiathia,54,2023-12-18
32,Red,amcramseyv@scribd.com,Anna-maria,66,2023-08-25
33,Yellow,afaireyw@virginia.edu,Alexa,51,2022-05-14
34,Blue,hbehrensx@opensource.org,Hammad,55,2021-11-24
35,Yellow,bjuckesy@house.gov,Bryna,40,2023-11-21
36,Blue,lcadwalladerz@theatlantic.com,Lizabeth,52,2024-08-02
37,Green,kdooney10@house.gov,Karlyn,66,2022-09-15
38,Yellow,csketh11@dmoz.org,Calv,78,2022-03-31
39,Yellow,bjeaffreson12@usatoday.com,Bartlett,39,2024-12-25
40,Green,blandman13@un.org,Bea,42,2022-10-10
41,Red,kassiratti14@usnews.com,Kenneth,23,2023-08-02
42,Red,gflay15@wisc.edu,Glenden,65,2021-08-15
43,Blue,kstygall16@ning.com,Katharine,67,2022-04-05
44,Yellow,ktwydell17@nytimes.com,Kamilah,64,2025-01-06
45,Red,kgilley18@shutterfly.com,,19,2024-07-18
46,Green,dtrevena19@thetimes.co.uk,Dyanne,45,2021-07-16
47,Red,fchiswell1a@cloudflare.com,Freemon,31,2021-12-11
48,Yellow,zkrimmer1b@senate.gov,Zeke,21,2025-02-14
49,Blue,dcaldecot1c@sitemeter.com,Dorise,36,2020-11-12
50,Blue,hdunmore1d@kickstarter.com,Hugues,39,2022-07-18
51,,vschimann1e@marriott.com,Van,35,2020-08-17
52,Blue,fjosefowicz1f@yellowpages.com,Freddi,31,2022-06-24
53,Yellow,ceastment1g@friendfeed.com,Colly,48,2023-05-27
54,Blue,hheineking1h@phpbb.com,Harwilll,44,2022-06-22
55,Blue,dcherrie1i@networksolutions.com,Der,33,2025-06-09
56,,gcossar1j@ezinearticles.com,Gram,56,2024-04-13
57,Yellow,mglusby1k@zdnet.com,Marleah,49,2022-06-09
58,Red,rmedina1l@shinystat.com,Robbie,60,2022-12-25
59,Blue,ngrindle1m@cnet.com,Nonna,57,2024-10-08
60,Green,cwaslin1n@forbes.com,Celine,58,2025-09-24
61,Green,abrundale1o@nps.gov,Adora,79,2022-05-18
62,Green,lnurdin1p@fda.gov,Lydie,80,2024-01-21
63,Green,clinklet1q@com.com,Carlynne,69,2024-04-17
64,Yellow,gbrookes1r@miitbeian.gov.cn,Gaspar,71,2025-09-06
65,Yellow,tattridge1s@nifty.com,Tana,54,2023-10-30
66,Yellow,mzanioletti1t@oracle.com,Max,35,2025-04-13
67,Red,ckleinert1u@ovh.net,Codi,49,2021-06-17
68,Blue,lilieve1v@cbsnews.com,Lynn,51,2020-07-03
69,Yellow,slilywhite1w@seesaa.net,Simonette,36,2021-03-28
70,Green,yhiggen1x@si.edu,Yvon,30,2024-03-07
71,Red,hlisimore1y@hatena.ne.jp,Hattie,19,2021-08-08
72,Green,wbunney1z@deviantart.com,Wren,33,2022-08-23
73,Green,jlipyeat20@goo.ne.jp,Janeta,71,2023-05-22
74,Blue,bfernandez21@wikia.com,Breena,31,2020-10-17
75,Yellow,abayne22@ameblo.jp,Avril,57,2020-04-28
76,Yellow,rmynett23@mediafire.com,Rey,41,2025-07-17
77,,,Rowland,41,2022-03-02
78,Green,gcoultass25@wiley.com,Geralda,33,2020-01-31
79,Green,qvaggers26@symantec.com,Quincey,58,2025-05-12
80,Yellow,lstokoe27@blogspot.com,Lucais,54,2024-04-01
81,,bjackling28@ow.ly,Bendix,18,2024-09-04
82,Blue,earonstam29@army.mil,Evered,25,2020-10-26
83,Green,bforshaw2a@bloglines.com,Brett,38,2021-11-29
84,Red,dhellicar2b@time.com,Devlen,75,2024-08-02
85,Green,dwhitebrook2c@hostgator.com,Dinah,47,2024-06-06
86,Green,kwarby2d@blogtalkradio.com,Kitty,65,2023-12-30
87,Red,bclaworth2e@wikipedia.org,Benson,53,2025-05-24
88,Red,cbruna2f@themeforest.net,Celeste,62,2022-08-09
89,Blue,aaicheson2g@opensource.org,Arabelle,76,2023-10-24
90,Blue,sshrimptone2h@elegantthemes.com,Sofia,39,2021-11-13
91,Blue,vcookes2i@baidu.com,Vasili,64,2025-08-20
92,Green,ebaigrie2j@alibaba.com,Esther,51,2024-11-22
93,Red,rkilligrew2k@amazon.com,Roxanna,64,2023-09-22
94,Blue,bhub2l@aboutads.info,Bobine,38,2020-02-29
95,Green,,Dorena,64,2021-10-05
96,Red,dpietasch2n@ca.gov,Donavon,66,2024-02-13
97,Yellow,edubarry2o@earthlink.net,Eadmund,71,2025-06-25
98,Yellow,wpitney2p@admin.ch,Wash,48,2021-06-12
99,Blue,sdonne2q@wunderground.com,Sonnie,69,2020-12-23
100,,lhillock2r@indiatimes.com,Lissie,68,2020-04-29
101,Blue,bweldon2s@usa.gov,Buddy,34,2020-10-22
102,Blue,ahaestier2t@odnoklassniki.ru,,71,2023-06-25
103,Yellow,kwarriner2u@qq.com,Ken,67,2020-08-01
104,Yellow,ktellett2v@irs.gov,Killian,56,2022-11-20
105,Red,huccelli2w@homestead.com,Hilary,35,2025-08-09
106,Green,alevay2x@ask.com,Aarika,25,2023-12-05
107,Green,kduggen2y@domainmarket.com,Kristo,28,2024-10-09
108,Green,celwill2z@sogou.com,Clair,51,2022-01-27
109,Yellow,rterrett30@soup.io,Reinwald,26,2025-05-28
110,Yellow,,Curcio,76,2020-03-17
111,Red,astockau32@diigo.com,Archibald,34,2022-07-31
112,Green,lrigge33@ucsd.edu,Lenka,37,2022-11-08
113,Blue,frodenhurst34@auda.org.au,Fleur,39,2023-01-26
114,Red,,Dollie,77,2023-07-28
115,Green,psuche36@berkeley.edu,Pebrook,46,2025-02-09
116,Yellow,adinehart37@wiley.com,Alfy,30,2023-08-04
117,,rparsley38@mysql.com,Ryon,57,2020-08-19
118,Green,klassells39@jimdo.com,Kinna,54,2025-02-13
119,Yellow,cbasilio3a@multiply.com,Connor,53,2025-09-30
120,Yellow,tglazyer3b@soundcloud.com,Theobald,67,2022-06-05
121,Green,fgamlen3c@diigo.com,Farrah,61,2021-01-02
122,Blue,bhurling3d@tripod.com,Bil,21,2020-04-06
123,Yellow,akearey3e@google.de,Andrei,42,2020-10-04
124,Red,skearns3f@fc2.com,Sherman,23,2021-04-28
125,Blue,fdower3g@skype.com,Flynn,30,2021-03-12
126,Yellow,lmealiffe3h@archive.org,Luca,47,2021-09-06
127,Green,jabramamov3i@livejournal.com,Jakob,38,2021-09-15
128,Red,cmantram3j@freewebs.com,Calli,19,2022-02-26
129,Red,wplinck3k@pagesperso-orange.fr,Wilow,67,2024-03-28
130,Blue,bstange3l@mail.ru,Bevin,68,2024-01-15
131,Green,,Tiler,40,2024-04-21
132,Green,gropcke3n@github.com,Grace,24,2025-02-18
133,Red,gcodi3o@jigsy.com,Granger,75,2020-02-07
134,Green,civchenko3p@dagondesign.com,Celesta,62,2023-01-13
135,Blue,fbrownill3q@mayoclinic.com,Farleigh,50,2021-06-15
136,Green,cadamini3r@twitpic.com,Corine,79,2023-03-02
137,Green,rbush3s@google.ca,Ramon,46,2023-03-19
138,,aosheeryne3t@tinypic.com,Alexandro,80,2022-11-25
139,Red,jdabs3u@loc.gov,Jania,63,2021-09-11
140,Green,rradborne3v@skyrock.com,Regan,65,2020-10-05
141,Blue,aohogertie3w@epa.gov,Ardine,30,2025-07-06
142,Red,bsimoneau3x@senate.gov,Bernardine,77,2020-11-06
143,Green,srue3y@narod.ru,Sherwood,50,2022-08-26
144,Red,bmarieton3z@elegantthemes.com,Brien,21,2023-04-19
145,Green,qwhelpton40@illinois.edu,Quinn,20,2020-09-29
146,Red,ggamwell41@wiley.com,Gretal,65,2022-03-17
147,Green,rantrum42@theatlantic.com,Renelle,80,2020-05-22
148,Red,ctollerfield43@amazon.co.uk,Claudius,40,2023-01-30
149,Red,oblackhall44@amazon.co.jp,Olia,69,2023-08-05
150,Blue,mdinsale45@people.com.cn,Marillin,70,2023-11-30
151,Red,wmatushevitz46@nymag.com,Willetta,68,2024-06-21
152,,ecicchillo47@amazon.co.uk,Enid,66,2025-08-27
153,Yellow,daguirre48@adobe.com,Donnie,62,2024-12-04
154,Blue,kjordison49@free.fr,Korella,44,2022-04-01
155,Green,aeastgate4a@usatoday.com,Anton,32,2022-12-09
156,Green,juzielli4b@latimes.com,Josh,75,2021-06-29
157,Red,ssiward4c@sakura.ne.jp,Schuyler,35,2021-07-18
158,Green,tbeceril4d@microsoft.com,Teressa,41,2025-08-26
159,Yellow,dchilles4e@blogs.com,Dolores,51,2020-09-20
160,Yellow,fmclice4f@amazonaws.com,Fifine,33,2020-03-23
161,Green,kwetherick4g@friendfeed.com,Karna,79,2025-07-09
162,Yellow,ctrill4h@vkontakte.ru,Caria,24,2022-04-06
163,Yellow,promeuf4i@ibm.com,Palm,44,2023-09-10
164,Red,ciban4j@stanford.edu,Cassy,74,2024-06-14
165,Blue,kdumsday4k@bluehost.com,,51,2022-09-10
166,Red,fdeare4l@scribd.com,Fidelio,48,2021-02-04
167,Green,jskill4m@wordpress.com,Jan,41,2024-01-20
168,Yellow,rkhan4n@jugem.jp,Rik,21,2022-02-28
169,Blue,khackford4o@icio.us,Kerr,61,2025-10-10
170,Green,soldall4p@nydailynews.com,Sibylla,65,2025-05-28
171,Blue,bpuleque4q@elpais.com,Bill,59,2021-08-19
172,Green,byusupov4r@narod.ru,Brittni,75,2023-09-30
173,Yellow,twragg4s@psu.edu,Timoteo,71,2025-06-04
174,Yellow,rmcbeith4t@salon.com,Ronnie,55,2021-05-26
175,Yellow,alumpkin4u@ifeng.com,Angel,60,2021-02-28
176,Red,ddanilyuk4v@phoca.cz,Deeann,49,2023-02-02
177,Yellow,cstares4w@surveymonkey.com,Constantine,44,2025-10-06
178,Yellow,llakeland4x@ebay.com,Lynn,43,2024-04-30
179,Green,bartinstall4y@jimdo.com,Bill,58,2025-02-04
180,Yellow,fboyet4z@dion.ne.jp,Flss,36,2023-11-21
181,Red,aflorey50@sitemeter.com,Alasdair,67,2022-12-01
182,Blue,lduddan51@networksolutions.com,Liane,61,2025-05-14
183,Blue,jvarnham52@joomla.org,Jud,44,2024-09-19
184,Green,tdyble53@blinklist.com,,20,2024-12-23
185,Green,meich54@newsvine.com,Mina,40,2020-04-30
186,Green,,Tracy,38,2020-04-09
187,Blue,vcenter56@dyndns.org,Vallie,37,2023-10-14
188,Yellow,dgauntlett57@toplist.cz,Damon,21,2023-06-20
189,Yellow,sdealmeida58@booking.com,Sergio,31,2021-06-30
190,Yellow,abraidon59@npr.org,Akim,51,2020-03-18
191,Yellow,djeffs5a@irs.gov,Durant,71,2022-09-29
192,Blue,mdrinkhall5b@4shared.com,,58,2021-05-18
193,Green,jswinney5c@hexun.com,Julio,75,2024-01-26
194,Green,kschowenburg5d@dyndns.org,Keelby,61,2020-10-04
195,Yellow,cthonger5e@newyorker.com,Cornelle,19,2025-07-15
196,Green,lmaith5f@ucsd.edu,Levi,64,2025-07-14
197,Red,pfetters5g@businessweek.com,,49,2022-05-17
198,,gglusby5h@furl.net,Goldy,37,2022-06-07
199,Yellow,osutch5i@soup.io,Odele,77,2024-10-02
200,Green,cstoop5j@cpanel.net,Cesya,59,2020-10-01
